{
  "assets/background.material.depren": "71d59f84fdb480ffc24aede72f855e0d",
  "assets/human_vel-002.license.txt": "b569daf8754b78c515e3de9b18d5dea9",
  "assets/human_vel-002.wav": "372d4fe7acd93021e7af1ded12e72e28",
  "assets/human_vel-002.wav.import": "451db23710e5c9390872a9f5314d255f",
  "assets/practice_background_material.tres": "9b77472a2dced27206bdde85f6516039",
  "assets/practice_exercises_theme.tres": "61051e4bdd6e15fe4a097329d3f1876f",
  "typewriter.gd": "42c8d0d266fcf142ad82128d4748d960",
  "typewriter.tscn": "565a283f74095df3ed744f215f23be6c"
}