{
  "assets/background.material.depren": "9afc091b986183be997fda9880a0b6d8",
  "assets/character_dani.png": "fcf52c6f75bb89d19126678ac95d520f",
  "assets/character_dani.png.import": "8db761f333c3734cacc795e4b926d8b3",
  "assets/character_gdbot.png": "b656a0b6e756dba82441a97ef53e5a96",
  "assets/character_gdbot.png.import": "d11390adc1d92416c097ef3e5616ce72",
  "assets/character_nova.png": "cb52a641dc5af1cf61f6b8b12f609fd0",
  "assets/character_nova.png.import": "119242c56d89d1f9d6e6ea46e265ef43",
  "assets/practice_background_material.tres": "83829f3668391a984004b091434a5952",
  "assets/practice_exercises_theme.tres": "8cf2c2500ff35fd681dbfb542ecaa05e",
  "pick_your_character.gd": "fefc59fff9e4933a878a8cd20b311c9e",
  "pick_your_character.tscn": "f7cbdf376d08a3201a630bea47de339f"
}