{
  "assets/background.material.depren": "8c5da524f5c3cd739ee2a47fd69f9c99",
  "assets/character_dani.png": "fcf52c6f75bb89d19126678ac95d520f",
  "assets/character_dani.png.import": "f5fc7ae5a8264302043eb0a4c89f9539",
  "assets/character_gdbot.png": "b656a0b6e756dba82441a97ef53e5a96",
  "assets/character_gdbot.png.import": "d676c2307bb4b747c4c83f1029eae6f9",
  "assets/character_nova.png": "cb52a641dc5af1cf61f6b8b12f609fd0",
  "assets/character_nova.png.import": "2889da9bff2fbbe95cd7ebad64a587d1",
  "assets/practice_background_material.tres": "4fe185e0d77ddd29bb1e87a83d6e8ede",
  "assets/practice_exercises_theme.tres": "93adf7ec2d805216f7c8440819418c78",
  "image_slideshow.gd": "b5474ae2ffb8c11c5f1639d8b6d2d509",
  "image_slideshow.tscn": "ce4fda72a2cc9a7110a0cea4704b4c68"
}