{
  "assets/character_dani.png": "fcf52c6f75bb89d19126678ac95d520f",
  "assets/character_dani.png.import": "17262293577e2d0e82317b1bf45e0d5c",
  "assets/character_gdbot.png": "b656a0b6e756dba82441a97ef53e5a96",
  "assets/character_gdbot.png.import": "b504e21deb1fdd33b302c7e17061d687",
  "assets/character_nova.png": "cb52a641dc5af1cf61f6b8b12f609fd0",
  "assets/character_nova.png.import": "bb4f6536557d471280cbdfba436873f4",
  "assets/practice_background_material.tres": "d4c026a7b7bdf04d28093b0ba6bfa0e8",
  "assets/practice_exercises_theme.tres": "8d4d22d888d96c665999ea0e04b0cc3a",
  "party_members.gd": "1cb9d8ce888b46b69deafbb913e8f35d",
  "party_members.tscn": "2c6ef4ca64dab18862a324cbad0f1b2c"
}